{
  "step1_model": {
    "cv_accuracy": 0.952755905511811,
    "ks_cutoff": 0.7099251090881173,
    "predicted_class": "UP",
    "selected_predictors_and_weights": {
      "BTC-USD_252D_ret": 0.3248722402276438,
      "IWM_126D_ret": -0.2816530770903751,
      "IYT_252D_ret": -0.6556585661696331,
      "JPM_252D_ret": 0.17038774264623321,
      "MSFT_252D_ret": -2.1290600322590363,
      "SMH_252D_ret": 0.4737997567497589,
      "^VIX_Level": -0.7629044082977623,
      "^VIX_63D_diff": 0.5524611941995566,
      "USEPUINDXD_Level": -0.32911604862614513,
      "ratio_consumer_risk_63D_diff": -0.37129743058101056,
      "ratio_risk_on_off_252D_diff": -0.649726408045714,
      "ratio_tech_dominance_Level": 0.2859371145827045
    }
  },
  "final_prediction": "UP_FINAL_BUY",
  "step2_model": {
    "predicted_class": "UP"
  }
}