{
  "step1_model": {
    "cv_accuracy": 0.952755905511811,
    "ks_cutoff": 0.7099204124509374,
    "predicted_class": "UP",
    "selected_predictors_and_weights": {
      "BTC-USD_252D_ret": 0.32487429866409984,
      "IWM_126D_ret": -0.2816516391903489,
      "IYT_252D_ret": -0.6556607391851722,
      "JPM_252D_ret": 0.17038609655285228,
      "MSFT_252D_ret": -2.129061332180783,
      "SMH_252D_ret": 0.47379865168028257,
      "^VIX_Level": -0.7629033744621815,
      "^VIX_63D_diff": 0.5524632737980785,
      "USEPUINDXD_Level": -0.32911534806088893,
      "ratio_consumer_risk_63D_diff": -0.37129676440685777,
      "ratio_risk_on_off_252D_diff": -0.6497242026388038,
      "ratio_tech_dominance_Level": 0.28594080539277483
    }
  },
  "final_prediction": "UP_FINAL_BUY",
  "step2_model": {
    "predicted_class": "UP"
  }
}