{
  "step1_model": {
    "cv_accuracy": 0.9590551181102362,
    "ks_cutoff": 0.6402583984224034,
    "predicted_class": "UP",
    "selected_predictors_and_weights": {
      "BRK-B_63D_ret": -1.842047860001639,
      "BWX_126D_ret": -0.11241460020150473,
      "DX-Y.NYB_126D_ret": 0.013825894677908698,
      "EURUSD=X_126D_ret": 1.0076019772563403,
      "EURUSD=X_252D_ret": -0.20101957073600135,
      "IGOV_126D_ret": 0.14993663172546765,
      "MSFT_126D_ret": 1.2701854607132033,
      "XLK_63D_ret": -0.3159146842025846,
      "^IRX_126D_diff": 1.2561782850030083,
      "GBRPROINDMISMEI_Level": -1.8557822016905219,
      "Ret_63D": -1.9521886627881748,
      "Ret_126D": -2.462727787420101
    }
  },
  "final_prediction": "NOT_UP",
  "step2_model": {
    "predicted_class": "NOT_UP"
  }
}